Source,Target,Weight_s1,Weight_s2,Weight_s3,Total_Weight
ADDAM_MARBRAND,KEVAN,3.0,0.0,0.0,3.0
ADDAM_MARBRAND,LEO_LEFFORD,3.0,0.0,0.0,3.0
ADDAM_MARBRAND,TYWIN,2.0,0.0,0.0,2.0
AEGON,AERYS,2.0,0.0,0.0,2.0
AEGON,ARYA,0.0,2.0,0.0,2.0
AEGON,DAVOS,0.0,0.0,2.0,2.0
AEGON,MAESTER_AEMON,2.0,0.0,0.0,2.0
AEGON,SHIREEN,0.0,0.0,2.0,2.0
AERYS,BARRISTAN,2.0,0.0,3.0,5.0
AERYS,CATELYN,2.0,0.0,0.0,2.0
AERYS,JAIME,3.0,4.0,2.0,9.0
AERYS,JOFFREY,0.0,0.0,2.0,2.0
AERYS,JORAH,2.0,0.0,0.0,2.0
AERYS,MAESTER_AEMON,2.0,0.0,0.0,2.0
AERYS,NED,8.0,0.0,2.0,10.0
AERYS,PYCELLE,0.0,2.0,0.0,2.0
AERYS,RENLY,2.0,0.0,0.0,2.0
AERYS,RHAEGAR,3.0,0.0,0.0,3.0
AERYS,RICKARD_STARK,4.0,0.0,0.0,4.0
AERYS,ROBERT,7.0,2.0,3.0,12.0
AERYS,SANSA,2.0,0.0,0.0,2.0
AERYS,SEPTA_MORDANE,2.0,0.0,0.0,2.0
AERYS,TYWIN,0.0,2.0,0.0,2.0
ALLISER_THORNE,GRENN,7.0,0.0,0.0,7.0
ALLISER_THORNE,JEOR,9.0,0.0,0.0,9.0
ALLISER_THORNE,JON,20.0,0.0,0.0,20.0
ALLISER_THORNE,MAESTER_AEMON,2.0,0.0,0.0,2.0
ALLISER_THORNE,OTHELL_YARWYCK,3.0,0.0,0.0,3.0
ALLISER_THORNE,PYP,10.0,0.0,0.0,10.0
ALLISER_THORNE,RAST,4.0,0.0,0.0,4.0
ALLISER_THORNE,SAM,18.0,0.0,0.0,18.0
ALTON,CERSEI,0.0,9.0,0.0,9.0
ALTON,JAIME,0.0,46.0,0.0,46.0
ALTON,RICKARD_KARSTARK,0.0,4.0,0.0,4.0
ALTON,ROBB,0.0,22.0,0.0,22.0
ALTON,TALISA,0.0,2.0,0.0,2.0
ALTON,TORRHEN,0.0,5.0,0.0,5.0
ALTON,TYRION,0.0,3.0,0.0,3.0
AMORY,ARYA,0.0,16.0,0.0,16.0
AMORY,HOT_PIE,0.0,2.0,0.0,2.0
AMORY,JAQEN,0.0,3.0,0.0,3.0
AMORY,POLLIVER,0.0,3.0,0.0,3.0
AMORY,TYWIN,0.0,14.0,0.0,14.0
AMORY,YOREN,0.0,8.0,0.0,8.0
ANGUY,ARYA,0.0,0.0,26.0,26.0
ANGUY,BERIC,0.0,0.0,11.0,11.0
ANGUY,GENDRY,0.0,0.0,11.0,11.0
ANGUY,HOT_PIE,0.0,0.0,2.0,2.0
ANGUY,HOUND,0.0,0.0,20.0,20.0
ANGUY,MELISANDRE,0.0,0.0,3.0,3.0
ANGUY,THOROS,0.0,0.0,20.0,20.0
ARYA,BAELOR,5.0,0.0,0.0,5.0
ARYA,BERIC,0.0,0.0,33.0,33.0
ARYA,BITER,0.0,8.0,0.0,8.0
ARYA,BRAN,5.0,0.0,0.0,5.0
ARYA,CATELYN,7.0,5.0,2.0,14.0
ARYA,CERSEI,9.0,7.0,4.0,20.0
ARYA,GENDRY,7.0,78.0,45.0,130.0
ARYA,HOT_PIE,5.0,43.0,15.0,63.0
ARYA,HOUND,7.0,3.0,79.0,89.0
ARYA,ILLYRIO,2.0,0.0,0.0,2.0
ARYA,ILYN_PAYNE,4.0,0.0,2.0,6.0
ARYA,JAIME,3.0,0.0,0.0,3.0
ARYA,JAQEN,0.0,113.0,0.0,113.0
ARYA,JOFFREY,24.0,5.0,4.0,33.0
ARYA,JON,20.0,0.0,0.0,20.0
ARYA,JORY_CASSEL,7.0,0.0,0.0,7.0
ARYA,KEVAN,0.0,2.0,0.0,2.0
ARYA,LITTLEFINGER,5.0,8.0,0.0,13.0
ARYA,LOMMY,0.0,6.0,0.0,6.0
ARYA,LOMMY_GREENHANDS,2.0,0.0,0.0,2.0
ARYA,MELISANDRE,0.0,0.0,5.0,5.0
ARYA,MERYN_TRANT,5.0,0.0,2.0,7.0
ARYA,MOUNTAIN,0.0,6.0,0.0,6.0
ARYA,MYCAH,5.0,0.0,2.0,7.0
ARYA,NED,90.0,4.0,0.0,94.0
ARYA,POLLIVER,0.0,7.0,0.0,7.0
ARYA,PYCELLE,3.0,0.0,0.0,3.0
ARYA,REGINALD,0.0,2.0,0.0,2.0
ARYA,RHAENYS,0.0,2.0,0.0,2.0
ARYA,ROBB,6.0,7.0,2.0,15.0
ARYA,ROBERT,10.0,0.0,0.0,10.0
ARYA,ROOSE_BOLTON,0.0,0.0,2.0,2.0
ARYA,RORGE,0.0,16.0,0.0,16.0
ARYA,SANSA,53.0,6.0,2.0,61.0
ARYA,SEPTA_MORDANE,11.0,0.0,0.0,11.0
ARYA,STABLE_BOY,7.0,0.0,0.0,7.0
ARYA,SYRIO_FOREL,44.0,2.0,0.0,46.0
ARYA,THOROS,0.0,0.0,63.0,63.0
ARYA,TICKLER,0.0,5.0,0.0,5.0
ARYA,TYRION,2.0,2.0,0.0,4.0
ARYA,TYWIN,0.0,103.0,0.0,103.0
ARYA,VARYS,7.0,0.0,0.0,7.0
ARYA,VISENYA,0.0,3.0,0.0,3.0
ARYA,YOREN,18.0,20.0,0.0,38.0
ASSASSIN,BRAN,2.0,0.0,0.0,2.0
ASSASSIN,CATELYN,3.0,0.0,0.0,3.0
ASSASSIN,ROBB,2.0,0.0,0.0,2.0
BAELOR,CERSEI,2.0,0.0,0.0,2.0
BAELOR,HOUND,2.0,0.0,0.0,2.0
BAELOR,ILYN_PAYNE,3.0,0.0,0.0,3.0
BAELOR,JOFFREY,2.0,0.0,0.0,2.0
BAELOR,NED,8.0,0.0,0.0,8.0
BAELOR,PYCELLE,2.0,0.0,0.0,2.0
BAELOR,SANSA,2.0,0.0,0.0,2.0
BAELOR,YOREN,4.0,0.0,0.0,4.0
BALERION,DAVOS,0.0,0.0,2.0,2.0
BALON,CATELYN,0.0,2.0,0.0,2.0
BALON,NED,0.0,5.0,0.0,5.0
BALON,RAMSAY,0.0,0.0,4.0,4.0
BALON,ROBB,0.0,8.0,2.0,10.0
BALON,ROOSE_BOLTON,0.0,0.0,2.0,2.0
BALON,THEON,3.0,59.0,12.0,74.0
BALON,TYRION,2.0,0.0,0.0,2.0
BALON,YARA,0.0,15.0,11.0,26.0
BARRA,JANOS,0.0,2.0,0.0,2.0
BARRA,MHAEGEN,0.0,4.0,0.0,4.0
BARRISTAN,CERSEI,13.0,0.0,0.0,13.0
BARRISTAN,DAARIO,0.0,0.0,6.0,6.0
BARRISTAN,DAENERYS,0.0,0.0,37.0,37.0
BARRISTAN,GREY_WORM,0.0,0.0,5.0,5.0
BARRISTAN,JAIME,4.0,0.0,0.0,4.0
BARRISTAN,JOFFREY,5.0,0.0,0.0,5.0
BARRISTAN,JORAH,0.0,0.0,57.0,57.0
BARRISTAN,KRAZNYS_MO_NAKLOZ,0.0,0.0,2.0,2.0
BARRISTAN,LANCEL,3.0,0.0,0.0,3.0
BARRISTAN,LITTLEFINGER,4.0,0.0,0.0,4.0
BARRISTAN,MISSANDEI,0.0,0.0,7.0,7.0
BARRISTAN,NED,25.0,0.0,0.0,25.0
BARRISTAN,PYCELLE,4.0,0.0,0.0,4.0
BARRISTAN,RADZAI_MO_ERAZ,0.0,0.0,2.0,2.0
BARRISTAN,RENLY,3.0,0.0,0.0,3.0
BARRISTAN,ROBERT,22.0,0.0,5.0,27.0
BARRISTAN,VARYS,6.0,0.0,0.0,6.0
BENJEN,CATELYN,2.0,0.0,0.0,2.0
BENJEN,CERSEI,2.0,0.0,0.0,2.0
BENJEN,CRASTER,0.0,2.0,0.0,2.0
BENJEN,JEOR,2.0,0.0,0.0,2.0
BENJEN,JON,33.0,0.0,0.0,33.0
BENJEN,NED,14.0,0.0,0.0,14.0
BENJEN,ROBB,5.0,0.0,0.0,5.0
BENJEN,ROBERT,2.0,0.0,0.0,2.0
BENJEN,TYRION,17.0,0.0,0.0,17.0
BENJEN,YOREN,5.0,0.0,0.0,5.0
BERIC,GENDRY,0.0,0.0,7.0,7.0
BERIC,HOUND,0.0,0.0,25.0,25.0
BERIC,MELISANDRE,0.0,0.0,6.0,6.0
BERIC,MOUNTAIN,0.0,0.0,3.0,3.0
BERIC,NED,3.0,0.0,3.0,6.0
BERIC,ROBERT,2.0,0.0,0.0,2.0
BERIC,THOROS,0.0,0.0,28.0,28.0
BERT,SHIREEN,0.0,0.0,2.0,2.0
BILLY,RICKON,0.0,2.0,0.0,2.0
BITER,JAQEN,0.0,5.0,0.0,5.0
BITER,RORGE,0.0,8.0,0.0,8.0
BITER,YOREN,0.0,2.0,0.0,2.0
BLACK_LORREN,DAGMER,0.0,7.0,0.0,7.0
BLACK_LORREN,MAESTER_LUWIN,0.0,2.0,0.0,2.0
BLACK_LORREN,OSHA,0.0,2.0,0.0,2.0
BLACK_LORREN,RODRIK,0.0,3.0,0.0,3.0
BLACK_LORREN,THEON,0.0,21.0,0.0,21.0
BLACK_WALDER,BRYNDEN,0.0,0.0,3.0,3.0
BLACK_WALDER,CATELYN,0.0,0.0,3.0,3.0
BLACK_WALDER,EDMURE,0.0,0.0,5.0,5.0
BLACK_WALDER,JOYEUSE,0.0,0.0,2.0,2.0
BLACK_WALDER,LOTHAR,0.0,0.0,5.0,5.0
BLACK_WALDER,ROBB,0.0,0.0,8.0,8.0
BORCAS,DAREON,2.0,0.0,0.0,2.0
BORCAS,PYP,2.0,0.0,0.0,2.0
BOROS,JOFFREY,0.0,2.0,0.0,2.0
BOROS,MERYN_TRANT,0.0,0.0,2.0,2.0
BOWEN_MARSH,DAREON,2.0,0.0,0.0,2.0
BOWEN_MARSH,PYP,2.0,0.0,0.0,2.0
BRAN,BRANDON_STARK,2.0,0.0,0.0,2.0
BRAN,CATELYN,28.0,2.0,14.0,44.0
BRAN,CERSEI,4.0,0.0,0.0,4.0
BRAN,DAGMER,0.0,6.0,0.0,6.0
BRAN,FARLEN,0.0,6.0,0.0,6.0
BRAN,FARMER,0.0,0.0,2.0,2.0
BRAN,GILLY,0.0,0.0,3.0,3.0
BRAN,HODOR,11.0,28.0,39.0,78.0
BRAN,HOUND,2.0,0.0,0.0,2.0
BRAN,JAIME,9.0,0.0,0.0,9.0
BRAN,JOFFREY,0.0,3.0,0.0,3.0
BRAN,JOJEN,0.0,0.0,65.0,65.0
BRAN,JON,19.0,0.0,8.0,27.0
BRAN,MAESTER_LUWIN,53.0,29.0,2.0,84.0
BRAN,MEERA,0.0,0.0,29.0,29.0
BRAN,NED,29.0,0.0,5.0,34.0
BRAN,OLD_NAN,9.0,0.0,0.0,9.0
BRAN,ORELL,0.0,0.0,4.0,4.0
BRAN,OSHA,29.0,56.0,68.0,153.0
BRAN,RICKON,14.0,32.0,26.0,72.0
BRAN,ROBB,48.0,7.0,4.0,59.0
BRAN,ROBERT,7.0,0.0,0.0,7.0
BRAN,RODRIK,5.0,18.0,0.0,23.0
BRAN,SAM,0.0,0.0,17.0,17.0
BRAN,SANSA,0.0,2.0,0.0,2.0
BRAN,THEON,26.0,47.0,2.0,75.0
BRAN,TORMUND,0.0,0.0,2.0,2.0
BRAN,TYRION,15.0,0.0,0.0,15.0
BRAN,WILL,3.0,0.0,0.0,3.0
BRAN,WINTERFELL_SHEPHERD,0.0,3.0,0.0,3.0
BRAN,YGRITTE,0.0,0.0,2.0,2.0
BRANDON_STARK,CATELYN,2.0,0.0,3.0,5.0
BRANDON_STARK,JOJEN,0.0,0.0,3.0,3.0
BRANDON_STARK,JON,2.0,0.0,0.0,2.0
BRANDON_STARK,NED,3.0,0.0,0.0,3.0
BRANDON_STARK,RICKARD_STARK,2.0,0.0,0.0,2.0
BRIENNE,CATELYN,0.0,54.0,6.0,60.0
BRIENNE,COLEN,0.0,2.0,0.0,2.0
BRIENNE,DAVOS,0.0,2.0,0.0,2.0
BRIENNE,JACKS,0.0,7.0,0.0,7.0
BRIENNE,JAIME,0.0,49.0,127.0,176.0
BRIENNE,LITTLEFINGER,0.0,2.0,0.0,2.0
BRIENNE,LOCKE,0.0,0.0,15.0,15.0
BRIENNE,LORAS,0.0,7.0,0.0,7.0
BRIENNE,MARGAERY,0.0,5.0,0.0,5.0
BRIENNE,MELISANDRE,0.0,2.0,0.0,2.0
BRIENNE,RENLY,0.0,31.0,0.0,31.0
BRIENNE,RICKARD_KARSTARK,0.0,2.0,0.0,2.0
BRIENNE,ROBB,0.0,5.0,0.0,5.0
BRIENNE,ROOSE_BOLTON,0.0,0.0,9.0,9.0
BRIENNE,SELWYN,0.0,0.0,3.0,3.0
BRIENNE,STANNIS,0.0,5.0,0.0,5.0
BRONN,CATELYN,7.0,0.0,0.0,7.0
BRONN,CERSEI,0.0,2.0,3.0,5.0
BRONN,HAYLENE,0.0,10.0,0.0,10.0
BRONN,HIGH_SEPTON,0.0,0.0,2.0,2.0
BRONN,HOUND,0.0,13.0,0.0,13.0
BRONN,JANOS,0.0,3.0,0.0,3.0
BRONN,JOFFREY,0.0,9.0,4.0,13.0
BRONN,KEVAN,2.0,0.0,0.0,2.0
BRONN,LANCEL,0.0,6.0,0.0,6.0
BRONN,LORAS,0.0,0.0,2.0,2.0
BRONN,LYSA,5.0,0.0,0.0,5.0
BRONN,MARGAERY,0.0,0.0,2.0,2.0
BRONN,MARILLION,2.0,0.0,0.0,2.0
BRONN,MERYN_TRANT,0.0,5.0,8.0,13.0
BRONN,MORD,3.0,0.0,0.0,3.0
BRONN,OLENNA,0.0,0.0,2.0,2.0
BRONN,PODRICK,0.0,3.0,20.0,23.0
BRONN,PYCELLE,0.0,6.0,2.0,8.0
BRONN,ROBIN,3.0,0.0,0.0,3.0
BRONN,RODRIK,6.0,0.0,0.0,6.0
BRONN,SANSA,0.0,4.0,3.0,7.0
BRONN,SHAE,11.0,2.0,2.0,15.0
BRONN,SHAGGA,5.0,0.0,0.0,5.0
BRONN,TARYN_MANT,0.0,0.0,2.0,2.0
BRONN,TIMETT,0.0,4.0,0.0,4.0
BRONN,TYRION,86.0,87.0,71.0,244.0
BRONN,TYWIN,5.0,3.0,2.0,10.0
BRONN,VARDIS_EGEN,4.0,0.0,0.0,4.0
BRONN,VARYS,0.0,11.0,0.0,11.0
BRYNDEN,CATELYN,0.0,0.0,27.0,27.0
BRYNDEN,EDMURE,0.0,0.0,18.0,18.0
BRYNDEN,HOSTER,0.0,0.0,2.0,2.0
BRYNDEN,LOTHAR,0.0,0.0,3.0,3.0
BRYNDEN,RICKARD_KARSTARK,0.0,0.0,5.0,5.0
BRYNDEN,ROBB,0.0,0.0,17.0,17.0
BRYNDEN,ROOSE_BOLTON,0.0,0.0,8.0,8.0
BRYNDEN,ROSLIN,0.0,0.0,2.0,2.0
BRYNDEN,TALISA,0.0,0.0,8.0,8.0
BRYNDEN,WALDER,0.0,0.0,6.0,6.0
CAPTAINS_DAUGHTER,THEON,0.0,17.0,0.0,17.0
CATELYN,CERSEI,22.0,0.0,0.0,22.0
CATELYN,COLEN,0.0,4.0,0.0,4.0
CATELYN,DAENERYS,2.0,0.0,0.0,2.0
CATELYN,DAVOS,0.0,2.0,0.0,2.0
CATELYN,EDMURE,0.0,0.0,15.0,15.0
CATELYN,GREATJON_UMBER,11.0,0.0,0.0,11.0
CATELYN,HOSTER,3.0,0.0,7.0,10.0
CATELYN,HOUND,2.0,0.0,2.0,4.0
CATELYN,JACKS,0.0,8.0,0.0,8.0
CATELYN,JAIME,28.0,25.0,8.0,61.0
CATELYN,JOFFREY,3.0,3.0,0.0,6.0
CATELYN,JON,14.0,0.0,2.0,16.0
CATELYN,JON_ARRYN,4.0,0.0,0.0,4.0
CATELYN,JOYEUSE,0.0,0.0,6.0,6.0
CATELYN,LITTLEFINGER,26.0,24.0,0.0,50.0
CATELYN,LORAS,0.0,9.0,0.0,9.0
CATELYN,LOTHAR,0.0,0.0,2.0,2.0
CATELYN,LYSA,30.0,0.0,0.0,30.0
CATELYN,MAESTER_LUWIN,26.0,0.0,0.0,26.0
CATELYN,MARGAERY,0.0,5.0,0.0,5.0
CATELYN,MARILLION,4.0,0.0,0.0,4.0
CATELYN,MASHA_HEDDLE,3.0,0.0,0.0,3.0
CATELYN,MELISANDRE,0.0,2.0,0.0,2.0
CATELYN,MORD,5.0,0.0,0.0,5.0
CATELYN,NED,69.0,8.0,0.0,77.0
CATELYN,RENLY,0.0,30.0,0.0,30.0
CATELYN,RICKARD_KARSTARK,0.0,17.0,5.0,22.0
CATELYN,RICKON,0.0,2.0,2.0,4.0
CATELYN,ROBB,90.0,82.0,52.0,224.0
CATELYN,ROBERT,15.0,0.0,0.0,15.0
CATELYN,ROBIN,10.0,0.0,0.0,10.0
CATELYN,RODRIK,28.0,0.0,0.0,28.0
CATELYN,ROOSE_BOLTON,0.0,4.0,13.0,17.0
CATELYN,ROSLIN,0.0,0.0,4.0,4.0
CATELYN,SANSA,14.0,6.0,0.0,20.0
CATELYN,STANNIS,0.0,13.0,0.0,13.0
CATELYN,STEVRON_FREY,2.0,0.0,0.0,2.0
CATELYN,TALISA,0.0,11.0,33.0,44.0
CATELYN,THEON,16.0,0.0,0.0,16.0
CATELYN,TYRION,41.0,5.0,3.0,49.0
CATELYN,TYWIN,4.0,0.0,2.0,6.0
CATELYN,VARDIS_EGEN,13.0,0.0,0.0,13.0
CATELYN,VARYS,11.0,0.0,0.0,11.0
CATELYN,WALDER,34.0,0.0,19.0,53.0
CATELYN,YOREN,3.0,0.0,0.0,3.0
CERSEI,DAVOS,0.0,2.0,0.0,2.0
CERSEI,HAYLENE,0.0,2.0,0.0,2.0
CERSEI,HIGH_SEPTON,0.0,0.0,2.0,2.0
CERSEI,HOUND,4.0,6.0,2.0,12.0
CERSEI,ILYN_PAYNE,3.0,3.0,2.0,8.0
CERSEI,JAIME,46.0,13.0,10.0,69.0
CERSEI,JANOS,0.0,11.0,0.0,11.0
CERSEI,JEOR,2.0,0.0,0.0,2.0
CERSEI,JOANNA,0.0,2.0,0.0,2.0
CERSEI,JOFFREY,54.0,50.0,54.0,158.0
CERSEI,JON,3.0,0.0,0.0,3.0
CERSEI,JON_ARRYN,3.0,0.0,0.0,3.0
CERSEI,LANCEL,3.0,24.0,0.0,27.0
CERSEI,LITTLEFINGER,8.0,27.0,16.0,51.0
CERSEI,LORAS,0.0,5.0,15.0,20.0
CERSEI,LYANNA,2.0,0.0,0.0,2.0
CERSEI,MANDON,0.0,3.0,0.0,3.0
CERSEI,MARGAERY,0.0,0.0,33.0,33.0
CERSEI,MATTHOS,0.0,2.0,0.0,2.0
CERSEI,MERYN_TRANT,2.0,3.0,10.0,15.0
CERSEI,MYRCELLA,0.0,12.0,0.0,12.0
CERSEI,NED,86.0,6.0,0.0,92.0
CERSEI,OLENNA,0.0,0.0,24.0,24.0
CERSEI,PODRICK,0.0,4.0,2.0,6.0
CERSEI,PYCELLE,9.0,17.0,7.0,33.0
CERSEI,RENLY,3.0,0.0,0.0,3.0
CERSEI,ROBB,8.0,4.0,0.0,12.0
CERSEI,ROBERT,80.0,6.0,0.0,86.0
CERSEI,ROS,2.0,0.0,0.0,2.0
CERSEI,SALLADHOR,0.0,2.0,0.0,2.0
CERSEI,SANSA,36.0,73.0,7.0,116.0
CERSEI,SHAE,0.0,21.0,0.0,21.0
CERSEI,STANNIS,2.0,5.0,2.0,9.0
CERSEI,TARYN_MANT,0.0,0.0,4.0,4.0
CERSEI,TOMMEN,0.0,25.0,0.0,25.0
CERSEI,TYRION,18.0,177.0,95.0,290.0
CERSEI,TYWIN,3.0,15.0,57.0,75.0
CERSEI,VARYS,13.0,11.0,5.0,29.0
CERSEI,YOREN,2.0,0.0,0.0,2.0
COHOLLO,DROGO,3.0,0.0,0.0,3.0
COLEN,LORAS,0.0,2.0,0.0,2.0
COLEN,MARGAERY,0.0,2.0,0.0,2.0
COLEN,RENLY,0.0,2.0,0.0,2.0
CRASTER,EDDISON_TOLLETT,0.0,3.0,2.0,5.0
CRASTER,GILLY,0.0,6.0,0.0,6.0
CRASTER,GRENN,0.0,0.0,3.0,3.0
CRASTER,JEOR,0.0,29.0,17.0,46.0
CRASTER,JON,0.0,17.0,2.0,19.0
CRASTER,KARL_TANNER,0.0,0.0,13.0,13.0
CRASTER,MANCE,0.0,2.0,0.0,2.0
CRASTER,RAST,0.0,0.0,8.0,8.0
CRASTER,SAM,0.0,5.0,5.0,10.0
CRESSEN,DAVOS,0.0,16.0,0.0,16.0
CRESSEN,MATTHOS,0.0,2.0,0.0,2.0
CRESSEN,MELISANDRE,0.0,10.0,0.0,10.0
CRESSEN,STANNIS,0.0,5.0,0.0,5.0
DAARIO,DAENERYS,0.0,0.0,36.0,36.0
DAARIO,GREY_WORM,0.0,0.0,6.0,6.0
DAARIO,JORAH,0.0,0.0,17.0,17.0
DAARIO,MERO,0.0,0.0,17.0,17.0
DAARIO,MISSANDEI,0.0,0.0,7.0,7.0
DAARIO,PRENDAHL,0.0,0.0,7.0,7.0
DAENERYS,DOREAH,34.0,20.0,0.0,54.0
DAENERYS,DROGO,91.0,10.0,2.0,103.0
DAENERYS,GREIZHEN,0.0,0.0,3.0,3.0
DAENERYS,GREY_WORM,0.0,0.0,12.0,12.0
DAENERYS,ILLYRIO,10.0,0.0,0.0,10.0
DAENERYS,IRRI,32.0,15.0,0.0,47.0
DAENERYS,JHIQUI,2.0,0.0,0.0,2.0
DAENERYS,JORAH,154.0,119.0,69.0,342.0
DAENERYS,KOVARRO,0.0,31.0,0.0,31.0
DAENERYS,KRAZNYS_MO_NAKLOZ,0.0,0.0,23.0,23.0
DAENERYS,MAGO,8.0,0.0,0.0,8.0
DAENERYS,MALAKKO,0.0,3.0,0.0,3.0
DAENERYS,MERO,0.0,0.0,16.0,16.0
DAENERYS,MIRRI_MAZ_DUUR,45.0,0.0,0.0,45.0
DAENERYS,MISSANDEI,0.0,0.0,67.0,67.0
DAENERYS,NED,3.0,0.0,0.0,3.0
DAENERYS,PRENDAHL,0.0,0.0,8.0,8.0
DAENERYS,PYATT_PREE,0.0,23.0,0.0,23.0
DAENERYS,QOTHO,28.0,0.0,0.0,28.0
DAENERYS,QUAITHE,0.0,4.0,0.0,4.0
DAENERYS,RADZAI_MO_ERAZ,0.0,0.0,19.0,19.0
DAENERYS,RAKHARO,17.0,12.0,0.0,29.0
DAENERYS,RHAEGO,13.0,4.0,0.0,17.0
DAENERYS,ROBERT,5.0,0.0,2.0,7.0
DAENERYS,SANSA,2.0,0.0,0.0,2.0
DAENERYS,SILK_KING,0.0,4.0,0.0,4.0
DAENERYS,SPICE_KING,0.0,58.0,0.0,58.0
DAENERYS,VARYS,4.0,0.0,0.0,4.0
DAENERYS,VISERYS,66.0,0.0,0.0,66.0
DAENERYS,WINE_MERCHANT,19.0,0.0,0.0,19.0
DAENERYS,XARO,0.0,80.0,0.0,80.0
DAGMER,FARLEN,0.0,2.0,0.0,2.0
DAGMER,HODOR,0.0,2.0,0.0,2.0
DAGMER,MAESTER_LUWIN,0.0,5.0,0.0,5.0
DAGMER,OSHA,0.0,3.0,0.0,3.0
DAGMER,RICKON,0.0,4.0,0.0,4.0
DAGMER,RODRIK,0.0,3.0,0.0,3.0
DAGMER,THEON,0.0,48.0,0.0,48.0
DAGMER,YARA,0.0,2.0,0.0,2.0
DAISY,JOFFREY,0.0,7.0,0.0,7.0
DAISY,ROS,0.0,17.0,0.0,17.0
DAREON,GRENN,2.0,0.0,0.0,2.0
DAREON,HOBB,0.0,0.0,2.0,2.0
DAREON,JEOR,2.0,0.0,0.0,2.0
DAREON,JON,4.0,0.0,0.0,4.0
DAREON,LUKE,2.0,0.0,0.0,2.0
DAREON,MAESTER_AEMON,2.0,0.0,0.0,2.0
DAREON,PYP,8.0,0.0,0.0,8.0
DAREON,RAST,2.0,0.0,0.0,2.0
DAREON,SAM,4.0,0.0,2.0,6.0
DAVOS,FATHER_SEAWORTH,0.0,2.0,0.0,2.0
DAVOS,GENDRY,0.0,0.0,50.0,50.0
DAVOS,JOFFREY,0.0,2.0,0.0,2.0
DAVOS,LORAS,0.0,2.0,0.0,2.0
DAVOS,MARYA,0.0,2.0,0.0,2.0
DAVOS,MATTHOS,0.0,57.0,2.0,59.0
DAVOS,MELISANDRE,0.0,40.0,33.0,73.0
DAVOS,RENLY,0.0,12.0,0.0,12.0
DAVOS,ROBB,0.0,2.0,2.0,4.0
DAVOS,ROBERT,0.0,2.0,0.0,2.0
DAVOS,RYLENE,0.0,0.0,2.0,2.0
DAVOS,SALLADHOR,0.0,27.0,28.0,55.0
DAVOS,SHIREEN,0.0,0.0,38.0,38.0
DAVOS,STANNIS,0.0,111.0,77.0,188.0
DESMOND,ELDRICK,0.0,0.0,2.0,2.0
DESMOND,SANSA,0.0,0.0,2.0,2.0
DESMOND,TYRION,0.0,0.0,2.0,2.0
DONTOS,JOFFREY,0.0,13.0,0.0,13.0
DONTOS,MERYN_TRANT,0.0,4.0,0.0,4.0
DONTOS,SANSA,0.0,2.0,0.0,2.0
DOREAH,DROGO,3.0,0.0,0.0,3.0
DOREAH,IROGENIA,2.0,0.0,0.0,2.0
DOREAH,IRRI,5.0,4.0,0.0,9.0
DOREAH,JHIQUI,2.0,0.0,0.0,2.0
DOREAH,JORAH,2.0,7.0,0.0,9.0
DOREAH,KOVARRO,0.0,4.0,0.0,4.0
DOREAH,VISERYS,30.0,0.0,0.0,30.0
DOREAH,WINE_MERCHANT,3.0,0.0,0.0,3.0
DOREAH,XARO,0.0,13.0,0.0,13.0
DROGO,ILLYRIO,6.0,0.0,0.0,6.0
DROGO,IRRI,2.0,0.0,0.0,2.0
DROGO,JORAH,20.0,0.0,0.0,20.0
DROGO,MAGO,10.0,0.0,0.0,10.0
DROGO,MIRRI_MAZ_DUUR,9.0,0.0,0.0,9.0
DROGO,QOTHO,6.0,0.0,0.0,6.0
DROGO,RAKHARO,5.0,0.0,0.0,5.0
DROGO,RHAEGO,6.0,3.0,0.0,9.0
DROGO,ROBERT,2.0,0.0,0.0,2.0
DROGO,VISERYS,27.0,0.0,0.0,27.0
DROWNED_PRIEST,THEON,0.0,5.0,0.0,5.0
EDDISON_TOLLETT,GILLY,0.0,4.0,0.0,4.0
EDDISON_TOLLETT,GRENN,0.0,27.0,12.0,39.0
EDDISON_TOLLETT,JEOR,0.0,2.0,6.0,8.0
EDDISON_TOLLETT,JON,0.0,8.0,0.0,8.0
EDDISON_TOLLETT,KARL_TANNER,0.0,0.0,2.0,2.0
EDDISON_TOLLETT,RAST,0.0,0.0,11.0,11.0
EDDISON_TOLLETT,SAM,0.0,34.0,8.0,42.0
EDMURE,FREY_SEPTON,0.0,0.0,4.0,4.0
EDMURE,HOUND,0.0,0.0,2.0,2.0
EDMURE,JOYEUSE,0.0,0.0,2.0,2.0
EDMURE,LOTHAR,0.0,0.0,7.0,7.0
EDMURE,MOUNTAIN,0.0,0.0,2.0,2.0
EDMURE,RICKARD_KARSTARK,0.0,0.0,4.0,4.0
EDMURE,ROBB,0.0,0.0,46.0,46.0
EDMURE,ROOSE_BOLTON,0.0,0.0,3.0,3.0
EDMURE,ROSLIN,0.0,0.0,12.0,12.0
EDMURE,TALISA,0.0,0.0,8.0,8.0
EDMURE,TYWIN,0.0,0.0,2.0,2.0
EDMURE,WALDER,0.0,0.0,10.0,10.0
FARLEN,RICKON,0.0,2.0,0.0,2.0
FARLEN,THEON,0.0,3.0,0.0,3.0
FARMER,HODOR,0.0,0.0,2.0,2.0
FARMER,JOJEN,0.0,0.0,3.0,3.0
FARMER,JON,0.0,0.0,8.0,8.0
FARMER,MEERA,0.0,0.0,2.0,2.0
FARMER,ORELL,0.0,0.0,4.0,4.0
FARMER,OSHA,0.0,0.0,2.0,2.0
FARMER,RICKON,0.0,0.0,2.0,2.0
FARMER,TORMUND,0.0,0.0,7.0,7.0
FARMER,YGRITTE,0.0,0.0,6.0,6.0
FREY_DAUGHTER,ROBB,0.0,2.0,0.0,2.0
FREY_SEPTON,ROSLIN,0.0,0.0,2.0,2.0
FREY_SEPTON,WALDER,0.0,0.0,2.0,2.0
GALBART_GLOVER,GREATJON_UMBER,2.0,0.0,0.0,2.0
GALBART_GLOVER,JONOS_BRACKEN,2.0,0.0,0.0,2.0
GALBART_GLOVER,ROBB,2.0,0.0,0.0,2.0
GARED,ROYCE,5.0,0.0,0.0,5.0
GARED,WILL,4.0,0.0,0.0,4.0
GENDRY,HOT_PIE,3.0,28.0,9.0,40.0
GENDRY,HOUND,0.0,0.0,5.0,5.0
GENDRY,JAQEN,0.0,4.0,0.0,4.0
GENDRY,LOMMY,0.0,4.0,0.0,4.0
GENDRY,MELISANDRE,0.0,0.0,46.0,46.0
GENDRY,MOUNTAIN,0.0,3.0,0.0,3.0
GENDRY,NED,12.0,2.0,0.0,14.0
GENDRY,ROBERT,0.0,0.0,3.0,3.0
GENDRY,RORGE,0.0,3.0,0.0,3.0
GENDRY,STANNIS,0.0,0.0,9.0,9.0
GENDRY,THOROS,0.0,0.0,20.0,20.0
GENDRY,TICKLER,0.0,6.0,0.0,6.0
GENDRY,TOBHO_MOTT,5.0,0.0,0.0,5.0
GENDRY,TYWIN,0.0,4.0,2.0,6.0
GENDRY,VARYS,2.0,0.0,0.0,2.0
GENDRY,YOREN,2.0,7.0,0.0,9.0
GERARD,RENLY,0.0,5.0,0.0,5.0
GILLY,GRENN,0.0,2.0,0.0,2.0
GILLY,HODOR,0.0,0.0,3.0,3.0
GILLY,JOJEN,0.0,0.0,4.0,4.0
GILLY,JON,0.0,10.0,0.0,10.0
GILLY,MAESTER_AEMON,0.0,0.0,10.0,10.0
GILLY,MEERA,0.0,0.0,8.0,8.0
GILLY,RANDYLL,0.0,0.0,3.0,3.0
GILLY,RAST,0.0,0.0,2.0,2.0
GILLY,SAM,0.0,24.0,95.0,119.0
GREATJON_UMBER,JAIME,3.0,0.0,0.0,3.0
GREATJON_UMBER,NED,2.0,0.0,0.0,2.0
GREATJON_UMBER,RENLY,2.0,0.0,0.0,2.0
GREATJON_UMBER,RICKARD_KARSTARK,2.0,0.0,0.0,2.0
GREATJON_UMBER,ROBB,31.0,0.0,0.0,31.0
GREATJON_UMBER,RODRIK,7.0,0.0,0.0,7.0
GREATJON_UMBER,STANNIS,2.0,0.0,0.0,2.0
GREATJON_UMBER,THEON,11.0,0.0,0.0,11.0
GREATJON_UMBER,TYWIN,3.0,0.0,0.0,3.0
GREATJON_UMBER,WALDER,2.0,0.0,0.0,2.0
GREIZHEN,JORAH,0.0,0.0,2.0,2.0
GREIZHEN,KRAZNYS_MO_NAKLOZ,0.0,0.0,2.0,2.0
GREIZHEN,MISSANDEI,0.0,0.0,4.0,4.0
GRENN,JEOR,4.0,0.0,7.0,11.0
GRENN,JON,24.0,6.0,0.0,30.0
GRENN,KARL_TANNER,0.0,0.0,2.0,2.0
GRENN,PYP,36.0,0.0,0.0,36.0
GRENN,RAST,6.0,0.0,17.0,23.0
GRENN,SAM,16.0,34.0,9.0,59.0
GRENN,TYRION,6.0,0.0,0.0,6.0
GREY_WORM,JORAH,0.0,0.0,12.0,12.0
GREY_WORM,MERO,0.0,0.0,2.0,2.0
GREY_WORM,MISSANDEI,0.0,0.0,2.0,2.0
HARREN,TYWIN,0.0,2.0,0.0,2.0
HAYLENE,HOUND,0.0,4.0,0.0,4.0
HAYLENE,JOFFREY,0.0,4.0,0.0,4.0
HAYLENE,PODRICK,0.0,2.0,0.0,2.0
HAYLENE,TYRION,0.0,13.0,0.0,13.0
HIGH_SEPTON,JOFFREY,0.0,0.0,3.0,3.0
HIGH_SEPTON,LORAS,0.0,0.0,2.0,2.0
HIGH_SEPTON,MARGAERY,0.0,0.0,3.0,3.0
HIGH_SEPTON,MYRCELLA,0.0,2.0,0.0,2.0
HIGH_SEPTON,NED,2.0,0.0,0.0,2.0
HIGH_SEPTON,OLENNA,0.0,0.0,2.0,2.0
HIGH_SEPTON,PYCELLE,0.0,0.0,2.0,2.0
HIGH_SEPTON,SANSA,0.0,0.0,2.0,2.0
HIGH_SEPTON,TYRION,0.0,0.0,2.0,2.0
HIGH_SEPTON,TYWIN,0.0,0.0,2.0,2.0
HODOR,JOJEN,0.0,0.0,23.0,23.0
HODOR,JON,0.0,0.0,2.0,2.0
HODOR,MAESTER_LUWIN,0.0,9.0,0.0,9.0
HODOR,MEERA,0.0,0.0,14.0,14.0
HODOR,ORELL,0.0,0.0,3.0,3.0
HODOR,OSHA,2.0,22.0,14.0,38.0
HODOR,RICKON,0.0,16.0,9.0,25.0
HODOR,ROBB,3.0,0.0,0.0,3.0
HODOR,SAM,0.0,0.0,8.0,8.0
HODOR,THEON,3.0,5.0,0.0,8.0
HODOR,TORMUND,0.0,0.0,2.0,2.0
HODOR,TYRION,3.0,0.0,0.0,3.0
HODOR,YGRITTE,0.0,0.0,2.0,2.0
HOSTER,ROBB,0.0,0.0,5.0,5.0
HOSTER,WALDER,3.0,0.0,3.0,6.0
HOT_PIE,JAQEN,0.0,3.0,0.0,3.0
HOT_PIE,LOMMY,0.0,10.0,0.0,10.0
HOT_PIE,LOMMY_GREENHANDS,12.0,0.0,0.0,12.0
HOT_PIE,MOUNTAIN,0.0,3.0,0.0,3.0
HOT_PIE,POLLIVER,0.0,2.0,0.0,2.0
HOT_PIE,THOROS,0.0,0.0,6.0,6.0
HOT_PIE,TICKLER,0.0,2.0,0.0,2.0
HOUND,ILYN_PAYNE,3.0,0.0,2.0,5.0
HOUND,JAIME,2.0,0.0,0.0,2.0
HOUND,JOFFREY,16.0,48.0,3.0,67.0
HOUND,LANCEL,0.0,9.0,0.0,9.0
HOUND,LITTLEFINGER,5.0,0.0,0.0,5.0
HOUND,LORAS,4.0,0.0,0.0,4.0
HOUND,MERYN_TRANT,8.0,5.0,2.0,15.0
HOUND,MOUNTAIN,5.0,0.0,0.0,5.0
HOUND,NED,10.0,2.0,2.0,14.0
HOUND,PODRICK,0.0,4.0,0.0,4.0
HOUND,ROBB,2.0,0.0,2.0,4.0
HOUND,ROBERT,6.0,0.0,0.0,6.0
HOUND,ROOSE_BOLTON,0.0,0.0,2.0,2.0
HOUND,SANSA,19.0,40.0,0.0,59.0
HOUND,SHAE,0.0,3.0,0.0,3.0
HOUND,STANNIS,0.0,2.0,0.0,2.0
HOUND,THOROS,0.0,0.0,17.0,17.0
HOUND,TOMMEN,0.0,2.0,0.0,2.0
HOUND,TYRION,10.0,29.0,0.0,39.0
HOUND,YOREN,2.0,0.0,0.0,2.0
HUGH_OF_THE_VALE,JON_ARRYN,2.0,0.0,0.0,2.0
HUGH_OF_THE_VALE,JORY_CASSEL,7.0,0.0,0.0,7.0
HUGH_OF_THE_VALE,LITTLEFINGER,4.0,0.0,0.0,4.0
HUGH_OF_THE_VALE,MOUNTAIN,2.0,0.0,0.0,2.0
HUGH_OF_THE_VALE,NED,6.0,0.0,0.0,6.0
HUGH_OF_THE_VALE,SANSA,2.0,0.0,0.0,2.0
ILLYRIO,JORAH,2.0,0.0,0.0,2.0
ILLYRIO,VARYS,9.0,0.0,0.0,9.0
ILLYRIO,VISERYS,25.0,0.0,0.0,25.0
ILYN_PAYNE,JOFFREY,4.0,0.0,2.0,6.0
ILYN_PAYNE,LANCEL,0.0,2.0,0.0,2.0
ILYN_PAYNE,MERYN_TRANT,2.0,0.0,2.0,4.0
ILYN_PAYNE,NED,4.0,0.0,2.0,6.0
ILYN_PAYNE,SANSA,4.0,4.0,0.0,8.0
ILYN_PAYNE,SHAE,0.0,4.0,0.0,4.0
ILYN_PAYNE,TOMMEN,0.0,2.0,0.0,2.0
ILYN_PAYNE,VARYS,2.0,0.0,0.0,2.0
ILYN_PAYNE,YOREN,4.0,0.0,0.0,4.0
IRRI,JHIQUI,3.0,0.0,0.0,3.0
IRRI,JORAH,9.0,2.0,0.0,11.0
IRRI,KOVARRO,0.0,3.0,0.0,3.0
IRRI,RAKHARO,11.0,0.0,0.0,11.0
IRRI,VISERYS,3.0,0.0,0.0,3.0
IRRI,XARO,0.0,3.0,0.0,3.0
JACKS,JAIME,0.0,2.0,0.0,2.0
JAIME,JOFFREY,6.0,7.0,0.0,13.0
JAIME,JON,10.0,2.0,0.0,12.0
JAIME,JON_ARRYN,2.0,0.0,0.0,2.0
JAIME,JORY_CASSEL,27.0,0.0,0.0,27.0
JAIME,KEVAN,5.0,0.0,0.0,5.0
JAIME,LITTLEFINGER,5.0,2.0,0.0,7.0
JAIME,LOCKE,0.0,0.0,59.0,59.0
JAIME,LORAS,0.0,0.0,2.0,2.0
JAIME,MATTHOS,0.0,3.0,0.0,3.0
JAIME,NED,53.0,5.0,2.0,60.0
JAIME,PYCELLE,0.0,0.0,2.0,2.0
JAIME,QYBURN,0.0,0.0,51.0,51.0
JAIME,RENLY,0.0,0.0,6.0,6.0
JAIME,RICKARD_KARSTARK,0.0,4.0,0.0,4.0
JAIME,RICKARD_STARK,2.0,0.0,0.0,2.0
JAIME,ROBB,10.0,31.0,3.0,44.0
JAIME,ROBERT,20.0,3.0,0.0,23.0
JAIME,ROOSE_BOLTON,0.0,0.0,29.0,29.0
JAIME,ROS,4.0,0.0,0.0,4.0
JAIME,SANSA,2.0,0.0,0.0,2.0
JAIME,SELWYN,0.0,0.0,3.0,3.0
JAIME,STANNIS,0.0,4.0,2.0,6.0
JAIME,STEELSHANKS_WALTON,0.0,0.0,14.0,14.0
JAIME,THEON,4.0,0.0,0.0,4.0
JAIME,TORRHEN,0.0,3.0,0.0,3.0
JAIME,TYRION,34.0,12.0,4.0,50.0
JAIME,TYSHA,2.0,0.0,0.0,2.0
JAIME,TYWIN,34.0,8.0,11.0,53.0
JANOS,JOFFREY,0.0,4.0,0.0,4.0
JANOS,LITTLEFINGER,2.0,4.0,0.0,6.0
JANOS,MHAEGEN,0.0,4.0,0.0,4.0
JANOS,NED,13.0,0.0,0.0,13.0
JANOS,PODRICK,0.0,3.0,0.0,3.0
JANOS,PYCELLE,2.0,2.0,0.0,4.0
JANOS,RENLY,3.0,0.0,0.0,3.0
JANOS,ROS,0.0,4.0,0.0,4.0
JANOS,TYRION,0.0,39.0,0.0,39.0
JANOS,VARYS,5.0,3.0,0.0,8.0
JAQEN,RORGE,0.0,9.0,0.0,9.0
JAQEN,TYWIN,0.0,3.0,0.0,3.0
JAQEN,YOREN,0.0,2.0,0.0,2.0
JAREMY_RYKKER,JEOR,2.0,0.0,0.0,2.0
JAREMY_RYKKER,OTHELL_YARWYCK,2.0,0.0,0.0,2.0
JAREMY_RYKKER,PYP,2.0,0.0,0.0,2.0
JEOR,JOFFREY,2.0,0.0,0.0,2.0
JEOR,JON,60.0,37.0,2.0,99.0
JEOR,KARL_TANNER,0.0,0.0,8.0,8.0
JEOR,MAESTER_AEMON,9.0,0.0,0.0,9.0
JEOR,NED,3.0,0.0,0.0,3.0
JEOR,OTHELL_YARWYCK,6.0,0.0,0.0,6.0
JEOR,OTHOR,6.0,0.0,0.0,6.0
JEOR,PYP,10.0,0.0,0.0,10.0
JEOR,QHORIN,0.0,13.0,0.0,13.0
JEOR,RAST,0.0,0.0,19.0,19.0
JEOR,ROBERT,3.0,0.0,0.0,3.0
JEOR,SAM,17.0,10.0,10.0,37.0
JEOR,TYRION,15.0,2.0,0.0,17.0
JOANNA,TYRION,2.0,0.0,0.0,2.0
JOANNA,TYWIN,0.0,0.0,3.0,3.0
JOFFREY,JON,2.0,0.0,0.0,2.0
JOFFREY,LANCEL,0.0,12.0,0.0,12.0
JOFFREY,LITTLEFINGER,12.0,7.0,0.0,19.0
JOFFREY,LORAS,0.0,8.0,8.0,16.0
JOFFREY,MANDON,0.0,4.0,0.0,4.0
JOFFREY,MARGAERY,0.0,4.0,64.0,68.0
JOFFREY,MARILLION,14.0,0.0,0.0,14.0
JOFFREY,MATTHOS,0.0,2.0,0.0,2.0
JOFFREY,MERYN_TRANT,12.0,13.0,4.0,29.0
JOFFREY,MYCAH,10.0,0.0,0.0,10.0
JOFFREY,MYRCELLA,0.0,8.0,0.0,8.0
JOFFREY,NED,39.0,3.0,5.0,47.0
JOFFREY,OLENNA,0.0,0.0,8.0,8.0
JOFFREY,PODRICK,0.0,5.0,0.0,5.0
JOFFREY,PYCELLE,13.0,3.0,5.0,21.0
JOFFREY,RENLY,3.0,2.0,3.0,8.0
JOFFREY,ROBB,12.0,12.0,3.0,27.0
JOFFREY,ROBERT,28.0,5.0,0.0,33.0
JOFFREY,ROS,0.0,9.0,0.0,9.0
JOFFREY,SANSA,69.0,56.0,22.0,147.0
JOFFREY,SEPTA_MORDANE,5.0,0.0,0.0,5.0
JOFFREY,SHAE,0.0,2.0,3.0,5.0
JOFFREY,STANNIS,0.0,9.0,2.0,11.0
JOFFREY,TALISA,0.0,3.0,0.0,3.0
JOFFREY,TOMMEN,2.0,6.0,0.0,8.0
JOFFREY,TYRION,15.0,79.0,27.0,121.0
JOFFREY,TYWIN,3.0,9.0,49.0,61.0
JOFFREY,VARYS,15.0,7.0,4.0,26.0
JOFFREY,WILL,2.0,0.0,0.0,2.0
JOFFREY,YOREN,3.0,0.0,0.0,3.0
JOJEN,JON,0.0,0.0,5.0,5.0
JOJEN,MEERA,0.0,0.0,24.0,24.0
JOJEN,NED,0.0,0.0,3.0,3.0
JOJEN,ORELL,0.0,0.0,3.0,3.0
JOJEN,OSHA,0.0,0.0,28.0,28.0
JOJEN,RICKON,0.0,0.0,9.0,9.0
JOJEN,SAM,0.0,0.0,12.0,12.0
JOJEN,TORMUND,0.0,0.0,2.0,2.0
JOJEN,YGRITTE,0.0,0.0,2.0,2.0
JON,LORD_OF_BONES,0.0,12.0,3.0,15.0
JON,MAESTER_AEMON,28.0,0.0,0.0,28.0
JON,MANCE,0.0,5.0,36.0,41.0
JON,MEERA,0.0,0.0,2.0,2.0
JON,NED,29.0,4.0,3.0,36.0
JON,ORELL,0.0,0.0,37.0,37.0
JON,OSHA,0.0,0.0,3.0,3.0
JON,OTHELL_YARWYCK,5.0,0.0,0.0,5.0
JON,OTHOR,5.0,0.0,0.0,5.0
JON,PYP,42.0,0.0,5.0,47.0
JON,QHORIN,0.0,71.0,0.0,71.0
JON,QHORIN_HALFHAND,0.0,0.0,2.0,2.0
JON,RAST,7.0,0.0,0.0,7.0
JON,RICKON,0.0,0.0,2.0,2.0
JON,ROBB,25.0,0.0,0.0,25.0
JON,ROBERT,3.0,0.0,0.0,3.0
JON,RODRIK,2.0,0.0,0.0,2.0
JON,ROS,2.0,0.0,0.0,2.0
JON,SAM,121.0,39.0,8.0,168.0
JON,THEON,7.0,0.0,0.0,7.0
JON,TORMUND,0.0,0.0,34.0,34.0
JON,TYRION,45.0,0.0,0.0,45.0
JON,WILL,3.0,0.0,0.0,3.0
JON,YGRITTE,0.0,110.0,159.0,269.0
JONOS_BRACKEN,ROBB,5.0,0.0,0.0,5.0
JON_ARRYN,LITTLEFINGER,5.0,0.0,0.0,5.0
JON_ARRYN,LYSA,5.0,0.0,0.0,5.0
JON_ARRYN,NED,12.0,3.0,0.0,15.0
JON_ARRYN,PYCELLE,3.0,2.0,0.0,5.0
JON_ARRYN,ROBERT,7.0,2.0,0.0,9.0
JON_ARRYN,ROBIN,3.0,0.0,0.0,3.0
JON_ARRYN,VARYS,2.0,0.0,0.0,2.0
JORAH,KOVARRO,0.0,15.0,0.0,15.0
JORAH,KRAZNYS_MO_NAKLOZ,0.0,0.0,5.0,5.0
JORAH,LITTLE_BIRD,2.0,0.0,0.0,2.0
JORAH,MALAKKO,0.0,2.0,0.0,2.0
JORAH,MERO,0.0,0.0,6.0,6.0
JORAH,MIRRI_MAZ_DUUR,8.0,0.0,0.0,8.0
JORAH,MISSANDEI,0.0,0.0,13.0,13.0
JORAH,NED,2.0,0.0,0.0,2.0
JORAH,PRENDAHL,0.0,0.0,2.0,2.0
JORAH,PYATT_PREE,0.0,5.0,0.0,5.0
JORAH,QOTHO,5.0,0.0,0.0,5.0
JORAH,QUAITHE,0.0,18.0,0.0,18.0
JORAH,RAKHARO,30.0,0.0,0.0,30.0
JORAH,RHAEGO,3.0,0.0,0.0,3.0
JORAH,ROBERT,0.0,0.0,5.0,5.0
JORAH,SPICE_KING,0.0,3.0,0.0,3.0
JORAH,VARYS,2.0,0.0,0.0,2.0
JORAH,VISERYS,43.0,0.0,0.0,43.0
JORAH,WINE_MERCHANT,10.0,0.0,0.0,10.0
JORAH,XARO,0.0,12.0,0.0,12.0
JORY_CASSEL,LITTLEFINGER,7.0,0.0,0.0,7.0
JORY_CASSEL,MHAEGEN,2.0,0.0,0.0,2.0
JORY_CASSEL,NED,44.0,0.0,0.0,44.0
JORY_CASSEL,ROBERT,4.0,0.0,0.0,4.0
JORY_CASSEL,THEON,2.0,0.0,0.0,2.0
JOYEUSE,ROBB,0.0,0.0,4.0,4.0
JOYEUSE,ROSLIN,0.0,0.0,2.0,2.0
JOYEUSE,TALISA,0.0,0.0,4.0,4.0
JOYEUSE,WALDER,2.0,0.0,4.0,6.0
KARL_TANNER,RAST,0.0,0.0,2.0,2.0
KARL_TANNER,SAM,0.0,0.0,2.0,2.0
KEVAN,LEO_LEFFORD,2.0,0.0,0.0,2.0
KEVAN,SHAGGA,2.0,0.0,0.0,2.0
KEVAN,STANNIS,0.0,2.0,0.0,2.0
KEVAN,TYRION,14.0,0.0,0.0,14.0
KEVAN,TYWIN,12.0,9.0,0.0,21.0
KOVARRO,MALAKKO,0.0,3.0,0.0,3.0
KOVARRO,PYATT_PREE,0.0,3.0,0.0,3.0
KOVARRO,SPICE_KING,0.0,2.0,0.0,2.0
KOVARRO,XARO,0.0,10.0,0.0,10.0
KRAZNYS_MO_NAKLOZ,MISSANDEI,0.0,0.0,52.0,52.0
LANCEL,NED,4.0,0.0,0.0,4.0
LANCEL,RENLY,2.0,0.0,0.0,2.0
LANCEL,ROBERT,15.0,0.0,0.0,15.0
LANCEL,SANSA,0.0,4.0,0.0,4.0
LANCEL,SHAE,0.0,2.0,0.0,2.0
LANCEL,STANNIS,0.0,3.0,0.0,3.0
LANCEL,TOMMEN,0.0,2.0,0.0,2.0
LANCEL,TYRION,0.0,37.0,0.0,37.0
LEO_LEFFORD,TYRION,2.0,0.0,0.0,2.0
LITTLEFINGER,LORAS,2.0,15.0,0.0,17.0
LITTLEFINGER,MARGAERY,0.0,28.0,0.0,28.0
LITTLEFINGER,MHAEGEN,2.0,0.0,0.0,2.0
LITTLEFINGER,MOUNTAIN,6.0,0.0,0.0,6.0
LITTLEFINGER,MYRCELLA,0.0,2.0,0.0,2.0
LITTLEFINGER,NED,107.0,0.0,0.0,107.0
LITTLEFINGER,OLYVAR,0.0,0.0,3.0,3.0
LITTLEFINGER,PODRICK,0.0,0.0,2.0,2.0
LITTLEFINGER,PYCELLE,19.0,4.0,4.0,27.0
LITTLEFINGER,RENLY,17.0,20.0,0.0,37.0
LITTLEFINGER,ROBB,0.0,3.0,0.0,3.0
LITTLEFINGER,ROBERT,14.0,0.0,0.0,14.0
LITTLEFINGER,ROBIN,0.0,3.0,0.0,3.0
LITTLEFINGER,ROS,19.0,13.0,3.0,35.0
LITTLEFINGER,SANSA,22.0,9.0,36.0,67.0
LITTLEFINGER,SEPTA_MORDANE,4.0,0.0,0.0,4.0
LITTLEFINGER,SHAE,0.0,0.0,3.0,3.0
LITTLEFINGER,STANNIS,3.0,8.0,0.0,11.0
LITTLEFINGER,TYRION,6.0,33.0,28.0,67.0
LITTLEFINGER,TYWIN,4.0,28.0,4.0,36.0
LITTLEFINGER,VARYS,73.0,9.0,16.0,98.0
LITTLEFINGER,YOREN,2.0,0.0,0.0,2.0
LITTLE_SAM,GILLY,0.0,0.0,9.0,9.0
LITTLE_SAM,SAM,0.0,0.0,9.0,9.0
LOCKE,QYBURN,0.0,0.0,2.0,2.0
LOCKE,ROOSE_BOLTON,0.0,0.0,10.0,10.0
LOCKE,STEELSHANKS_WALTON,0.0,0.0,2.0,2.0
LOCKE,TYWIN,0.0,0.0,4.0,4.0
LOMMY,POLLIVER,0.0,6.0,0.0,6.0
LORAS,MACE,2.0,0.0,3.0,5.0
LORAS,MARGAERY,0.0,23.0,21.0,44.0
LORAS,MELISANDRE,0.0,2.0,0.0,2.0
LORAS,MOUNTAIN,4.0,0.0,0.0,4.0
LORAS,NED,4.0,0.0,0.0,4.0
LORAS,OLENNA,0.0,0.0,10.0,10.0
LORAS,OLYVAR,0.0,0.0,11.0,11.0
LORAS,PYCELLE,0.0,3.0,2.0,5.0
LORAS,RENLY,47.0,24.0,2.0,73.0
LORAS,ROBB,0.0,2.0,0.0,2.0
LORAS,ROBERT,3.0,0.0,0.0,3.0
LORAS,SANSA,4.0,0.0,31.0,35.0
LORAS,SHAE,0.0,0.0,2.0,2.0
LORAS,STANNIS,0.0,5.0,0.0,5.0
LORAS,TOMMEN,0.0,2.0,0.0,2.0
LORAS,TYRION,0.0,38.0,10.0,48.0
LORAS,TYWIN,0.0,3.0,9.0,12.0
LORD_OF_BONES,MANCE,0.0,0.0,4.0,4.0
LORD_OF_BONES,TORMUND,0.0,0.0,4.0,4.0
LORD_OF_BONES,YGRITTE,0.0,16.0,4.0,20.0
LOTHAR,ROBB,0.0,0.0,3.0,3.0
LOTHAR,ROSLIN,0.0,0.0,2.0,2.0
LOTHAR,TALISA,0.0,0.0,2.0,2.0
LOTHAR,WALDER,0.0,0.0,4.0,4.0
LUKE,PYP,2.0,0.0,0.0,2.0
LYANNA,NED,4.0,0.0,0.0,4.0
LYANNA,ROBERT,3.0,0.0,0.0,3.0
LYSA,MORD,5.0,0.0,0.0,5.0
LYSA,ROBIN,30.0,0.0,0.0,30.0
LYSA,TYRION,30.0,2.0,0.0,32.0
LYSA,TYWIN,0.0,0.0,2.0,2.0
LYSA,VARDIS_EGEN,7.0,0.0,0.0,7.0
LYSA,VARYS,0.0,0.0,2.0,2.0
MACE,MARGAERY,0.0,0.0,3.0,3.0
MACE,OLENNA,0.0,0.0,6.0,6.0
MAESTER_AEMON,PYP,6.0,0.0,0.0,6.0
MAESTER_AEMON,SAM,6.0,0.0,10.0,16.0
MAESTER_AEMON,TYRION,7.0,0.0,0.0,7.0
MAESTER_LUWIN,NED,5.0,0.0,0.0,5.0
MAESTER_LUWIN,OSHA,12.0,14.0,0.0,26.0
MAESTER_LUWIN,PORTAN,0.0,3.0,0.0,3.0
MAESTER_LUWIN,RICKON,0.0,4.0,0.0,4.0
MAESTER_LUWIN,ROBB,17.0,0.0,0.0,17.0
MAESTER_LUWIN,ROBERT,2.0,0.0,0.0,2.0
MAESTER_LUWIN,RODRIK,2.0,5.0,0.0,7.0
MAESTER_LUWIN,SANSA,2.0,0.0,0.0,2.0
MAESTER_LUWIN,THEON,13.0,48.0,0.0,61.0
MAESTER_LUWIN,TYRION,7.0,0.0,0.0,7.0
MAESTER_LUWIN,WINTERFELL_SHEPHERD,0.0,3.0,0.0,3.0
MALAKKO,XARO,0.0,3.0,0.0,3.0
MANCE,LORD_OF_BONES,0.0,3.0,0.0,3.0
MANCE,ORELL,0.0,0.0,10.0,10.0
MANCE,QHORIN,0.0,9.0,0.0,9.0
MANCE,TORMUND,0.0,0.0,14.0,14.0
MANCE,YGRITTE,0.0,6.0,10.0,16.0
MANDON,PODRICK,0.0,6.0,0.0,6.0
MANDON,TYRION,0.0,8.0,0.0,8.0
MAREI,TYRION,0.0,0.0,4.0,4.0
MARGAERY,OLENNA,0.0,0.0,21.0,21.0
MARGAERY,PYCELLE,0.0,0.0,2.0,2.0
MARGAERY,RENLY,0.0,35.0,4.0,39.0
MARGAERY,SANSA,0.0,0.0,63.0,63.0
MARGAERY,STANNIS,0.0,2.0,0.0,2.0
MARGAERY,TYRION,0.0,0.0,5.0,5.0
MARGAERY,TYWIN,0.0,2.0,4.0,6.0
MARILLION,MERYN_TRANT,2.0,0.0,0.0,2.0
MARILLION,RODRIK,5.0,0.0,0.0,5.0
MARILLION,TYRION,5.0,0.0,0.0,5.0
MARILLION,YOREN,2.0,0.0,0.0,2.0
MARTYN,ROBB,0.0,0.0,2.0,2.0
MARTYN,TALISA,0.0,0.0,12.0,12.0
MARTYN,WILLEM_LANNISTER,0.0,0.0,5.0,5.0
MASHA_HEDDLE,TYRION,5.0,0.0,0.0,5.0
MATTHOS,MELISANDRE,0.0,4.0,0.0,4.0
MATTHOS,ROBERT,0.0,2.0,0.0,2.0
MATTHOS,SALLADHOR,0.0,14.0,0.0,14.0
MATTHOS,STANNIS,0.0,21.0,0.0,21.0
MEERA,ORELL,0.0,0.0,3.0,3.0
MEERA,OSHA,0.0,0.0,34.0,34.0
MEERA,RICKON,0.0,0.0,13.0,13.0
MEERA,SAM,0.0,0.0,8.0,8.0
MEERA,TORMUND,0.0,0.0,2.0,2.0
MEERA,YGRITTE,0.0,0.0,2.0,2.0
MELESSA,SAM,2.0,2.0,0.0,4.0
MELISANDRE,RENLY,0.0,8.0,0.0,8.0
MELISANDRE,ROBERT,0.0,0.0,4.0,4.0
MELISANDRE,SELYSE,0.0,0.0,2.0,2.0
MELISANDRE,STANNIS,0.0,57.0,49.0,106.0
MELISANDRE,THOROS,0.0,0.0,14.0,14.0
MERO,MISSANDEI,0.0,0.0,6.0,6.0
MERO,PRENDAHL,0.0,0.0,13.0,13.0
MERRY,WALDER,0.0,0.0,3.0,3.0
MERYN_TRANT,NED,3.0,0.0,0.0,3.0
MERYN_TRANT,PODRICK,0.0,0.0,3.0,3.0
MERYN_TRANT,SANSA,10.0,10.0,0.0,20.0
MERYN_TRANT,SYRIO_FOREL,11.0,0.0,0.0,11.0
MERYN_TRANT,TARYN_MANT,0.0,0.0,8.0,8.0
MERYN_TRANT,TOMMEN,0.0,2.0,0.0,2.0
MERYN_TRANT,TYRION,0.0,13.0,10.0,23.0
MHAEGEN,NED,9.0,0.0,0.0,9.0
MHAEGEN,ROS,0.0,2.0,0.0,2.0
MIRRI_MAZ_DUUR,QOTHO,15.0,0.0,0.0,15.0
MIRRI_MAZ_DUUR,RAKHARO,4.0,0.0,0.0,4.0
MISSANDEI,PRENDAHL,0.0,0.0,3.0,3.0
MISSANDEI,RADZAI_MO_ERAZ,0.0,0.0,3.0,3.0
MORD,ROBIN,3.0,0.0,0.0,3.0
MORD,RODRIK,2.0,0.0,0.0,2.0
MORD,TYRION,31.0,0.0,0.0,31.0
MORD,VARDIS_EGEN,3.0,0.0,0.0,3.0
MOUNTAIN,NED,5.0,0.0,0.0,5.0
MOUNTAIN,POLLIVER,0.0,3.0,0.0,3.0
MOUNTAIN,ROBB,0.0,0.0,3.0,3.0
MOUNTAIN,ROBERT,4.0,0.0,0.0,4.0
MOUNTAIN,SANSA,4.0,0.0,0.0,4.0
MOUNTAIN,THOROS,0.0,0.0,2.0,2.0
MOUNTAIN,TYWIN,0.0,12.0,2.0,14.0
MYCAH,NED,3.0,0.0,0.0,3.0
MYCAH,SANSA,4.0,0.0,0.0,4.0
MYRANDA,RAMSAY,0.0,0.0,2.0,2.0
MYRANDA,THEON,0.0,0.0,12.0,12.0
MYRANDA,VIOLET,0.0,0.0,22.0,22.0
MYRCELLA,ROBERT,0.0,2.0,0.0,2.0
MYRCELLA,ROBIN,0.0,3.0,0.0,3.0
MYRCELLA,SANSA,0.0,5.0,0.0,5.0
MYRCELLA,TOMMEN,0.0,5.0,0.0,5.0
MYRCELLA,TRYSTANE,0.0,2.0,0.0,2.0
MYRCELLA,TYRION,3.0,13.0,0.0,16.0
NED,PYCELLE,68.0,0.0,0.0,68.0
NED,PYP,3.0,0.0,0.0,3.0
NED,RENLY,30.0,0.0,0.0,30.0
NED,RICKARD_KARSTARK,0.0,0.0,2.0,2.0
NED,RICKARD_STARK,4.0,0.0,0.0,4.0
NED,ROBB,23.0,12.0,3.0,38.0
NED,ROBERT,192.0,4.0,3.0,199.0
NED,RODRIK,10.0,2.0,0.0,12.0
NED,ROOSE_BOLTON,2.0,0.0,0.0,2.0
NED,ROS,2.0,0.0,0.0,2.0
NED,SANSA,49.0,2.0,6.0,57.0
NED,SEPTA_MORDANE,9.0,0.0,0.0,9.0
NED,STANNIS,10.0,4.0,0.0,14.0
NED,STEFFON,2.0,0.0,0.0,2.0
NED,SYRIO_FOREL,6.0,0.0,0.0,6.0
NED,THEON,13.0,5.0,0.0,18.0
NED,THOROS,0.0,0.0,2.0,2.0
NED,TOBHO_MOTT,10.0,0.0,0.0,10.0
NED,TOMARD,6.0,0.0,0.0,6.0
NED,TYRION,11.0,10.0,2.0,23.0
NED,TYWIN,11.0,2.0,0.0,13.0
NED,VARLY,2.0,0.0,0.0,2.0
NED,VARYS,96.0,3.0,3.0,102.0
NED,WILL,3.0,0.0,0.0,3.0
NED,YARA,0.0,3.0,0.0,3.0
NED,YOREN,15.0,0.0,0.0,15.0
OLD_NAN,ROBB,4.0,0.0,0.0,4.0
OLD_NAN,THEON,2.0,0.0,0.0,2.0
OLENNA,PODRICK,0.0,0.0,3.0,3.0
OLENNA,PYCELLE,0.0,0.0,2.0,2.0
OLENNA,RENLY,0.0,0.0,2.0,2.0
OLENNA,ROBERT,0.0,0.0,3.0,3.0
OLENNA,SANSA,0.0,0.0,30.0,30.0
OLENNA,TYRION,0.0,0.0,31.0,31.0
OLENNA,TYWIN,0.0,0.0,35.0,35.0
OLENNA,VARYS,0.0,0.0,38.0,38.0
ORELL,OSHA,0.0,0.0,3.0,3.0
ORELL,RICKON,0.0,0.0,3.0,3.0
ORELL,TORMUND,0.0,0.0,30.0,30.0
ORELL,YGRITTE,0.0,0.0,32.0,32.0
OSHA,RICKON,3.0,15.0,16.0,34.0
OSHA,ROBB,8.0,2.0,0.0,10.0
OSHA,THEON,25.0,36.0,0.0,61.0
OSHA,TORMUND,0.0,0.0,2.0,2.0
OSHA,YGRITTE,0.0,0.0,2.0,2.0
OTHELL_YARWYCK,PYP,2.0,0.0,0.0,2.0
OTHELL_YARWYCK,SAM,6.0,0.0,0.0,6.0
OTHOR,PYP,2.0,0.0,0.0,2.0
OTHOR,SAM,2.0,0.0,0.0,2.0
PODRICK,PYCELLE,0.0,3.0,0.0,3.0
PODRICK,SANSA,0.0,0.0,2.0,2.0
PODRICK,SHAE,0.0,3.0,3.0,6.0
PODRICK,TYRION,0.0,37.0,36.0,73.0
PODRICK,VARYS,0.0,10.0,0.0,10.0
POLLIVER,TYWIN,0.0,2.0,0.0,2.0
PROTESTER,TYRION,0.0,2.0,0.0,2.0
PYATT_PREE,SPICE_KING,0.0,3.0,0.0,3.0
PYATT_PREE,XARO,0.0,9.0,0.0,9.0
PYCELLE,RENLY,8.0,0.0,0.0,8.0
PYCELLE,ROBERT,11.0,3.0,0.0,14.0
PYCELLE,ROS,9.0,0.0,0.0,9.0
PYCELLE,SANSA,13.0,0.0,2.0,15.0
PYCELLE,TIMETT,0.0,5.0,0.0,5.0
PYCELLE,TYRION,0.0,49.0,9.0,58.0
PYCELLE,TYWIN,2.0,3.0,7.0,12.0
PYCELLE,VARYS,15.0,8.0,4.0,27.0
PYCELLE,YOREN,2.0,0.0,0.0,2.0
PYP,RAST,10.0,0.0,0.0,10.0
PYP,SAM,30.0,0.0,5.0,35.0
PYP,TYRION,6.0,0.0,0.0,6.0
QHORIN,LORD_OF_BONES,0.0,10.0,0.0,10.0
QHORIN,SAM,0.0,5.0,0.0,5.0
QHORIN,YGRITTE,0.0,28.0,0.0,28.0
QHORIN_HALFHAND,YGRITTE,0.0,0.0,2.0,2.0
QOTHO,RAKHARO,3.0,0.0,0.0,3.0
QUAITHE,XARO,0.0,2.0,0.0,2.0
QUENT,ROBB,0.0,3.0,0.0,3.0
QYBURN,ROBB,0.0,0.0,3.0,3.0
QYBURN,ROOSE_BOLTON,0.0,0.0,4.0,4.0
QYBURN,SELWYN,0.0,0.0,2.0,2.0
QYBURN,TALISA,0.0,0.0,4.0,4.0
QYBURN,TYWIN,0.0,0.0,2.0,2.0
RAKHARO,VISERYS,3.0,0.0,0.0,3.0
RAKHARO,WINE_MERCHANT,3.0,0.0,0.0,3.0
RAMSAY,ROBB,0.0,0.0,3.0,3.0
RAMSAY,ROOSE_BOLTON,0.0,2.0,5.0,7.0
RAMSAY,THEON,0.0,0.0,114.0,114.0
RAMSAY,VIOLET,0.0,0.0,2.0,2.0
RAMSAY,YARA,0.0,0.0,4.0,4.0
RANDYLL,SAM,2.0,2.0,5.0,9.0
RAST,SAM,6.0,0.0,13.0,19.0
RAST,TYRION,3.0,0.0,0.0,3.0
REGINALD,TYWIN,0.0,8.0,0.0,8.0
RENLY,ROBB,3.0,8.0,0.0,11.0
RENLY,ROBERT,30.0,3.0,2.0,35.0
RENLY,SANSA,5.0,0.0,2.0,7.0
RENLY,STANNIS,11.0,40.0,3.0,54.0
RENLY,TOMARD,2.0,0.0,0.0,2.0
RENLY,TYWIN,0.0,0.0,2.0,2.0
RENLY,VARYS,9.0,0.0,0.0,9.0
RENNICK,ROBB,0.0,2.0,0.0,2.0
RHAEGAR,ROBERT,2.0,0.0,0.0,2.0
RHAEGO,VISERYS,2.0,0.0,0.0,2.0
RHAENYS,VISENYA,0.0,2.0,0.0,2.0
RICKARD_KARSTARK,ROBB,2.0,12.0,38.0,52.0
RICKARD_KARSTARK,ROOSE_BOLTON,0.0,2.0,4.0,6.0
RICKARD_KARSTARK,ROSLIN,0.0,0.0,2.0,2.0
RICKARD_KARSTARK,TALISA,0.0,2.0,3.0,5.0
RICKARD_KARSTARK,THEON,2.0,0.0,2.0,4.0
RICKARD_KARSTARK,TORRHEN,0.0,4.0,0.0,4.0
RICKARD_KARSTARK,WALDER,0.0,0.0,2.0,2.0
RICKARD_KARSTARK,WILLEM_LANNISTER,0.0,0.0,3.0,3.0
RICKON,ROBB,3.0,0.0,2.0,5.0
RICKON,RODRIK,0.0,2.0,0.0,2.0
RICKON,THEON,0.0,6.0,2.0,8.0
RICKON,TORMUND,0.0,0.0,2.0,2.0
RICKON,YGRITTE,0.0,0.0,2.0,2.0
ROBB,ROBERT,5.0,0.0,0.0,5.0
ROBB,RODRIK,11.0,5.0,0.0,16.0
ROBB,ROOSE_BOLTON,0.0,34.0,17.0,51.0
ROBB,ROSLIN,0.0,0.0,6.0,6.0
ROBB,SANSA,9.0,5.0,5.0,19.0
ROBB,SEPTON,0.0,3.0,0.0,3.0
ROBB,STANNIS,2.0,6.0,3.0,11.0
ROBB,TALISA,0.0,108.0,89.0,197.0
ROBB,THEON,60.0,21.0,6.0,87.0
ROBB,TYRION,16.0,0.0,3.0,19.0
ROBB,TYWIN,5.0,8.0,9.0,22.0
ROBB,VARYS,2.0,0.0,2.0,4.0
ROBB,WALDER,5.0,0.0,28.0,33.0
ROBB,YARA,0.0,4.0,0.0,4.0
ROBERT,ROS,2.0,0.0,0.0,2.0
ROBERT,SANSA,17.0,0.0,0.0,17.0
ROBERT,STANNIS,5.0,5.0,4.0,14.0
ROBERT,THEON,0.0,2.0,0.0,2.0
ROBERT,THOROS,0.0,0.0,3.0,3.0
ROBERT,TOMMEN,2.0,2.0,0.0,4.0
ROBERT,TYRION,7.0,3.0,0.0,10.0
ROBERT,TYWIN,8.0,0.0,2.0,10.0
ROBERT,VARYS,11.0,0.0,0.0,11.0
ROBERT,VISERYS,7.0,0.0,0.0,7.0
ROBIN,TYRION,9.0,3.0,0.0,12.0
ROBIN,VARDIS_EGEN,3.0,0.0,0.0,3.0
RODRIK,THEON,8.0,23.0,0.0,31.0
RODRIK,TYRION,9.0,0.0,0.0,9.0
RODRIK,TYWIN,2.0,0.0,0.0,2.0
ROOSE_BOLTON,STEELSHANKS_WALTON,0.0,0.0,3.0,3.0
ROOSE_BOLTON,TALISA,0.0,6.0,7.0,13.0
ROOSE_BOLTON,THEON,0.0,0.0,3.0,3.0
ROOSE_BOLTON,TYWIN,0.0,0.0,9.0,9.0
ROOSE_BOLTON,WALDER,0.0,0.0,23.0,23.0
RORGE,YOREN,0.0,3.0,0.0,3.0
ROS,SHAE,0.0,0.0,12.0,12.0
ROS,THEON,40.0,0.0,0.0,40.0
ROS,TYRION,17.0,0.0,3.0,20.0
ROS,VARYS,0.0,22.0,25.0,47.0
ROSLIN,TALISA,0.0,0.0,4.0,4.0
ROSLIN,WALDER,0.0,0.0,8.0,8.0
ROYCE,WILL,4.0,0.0,0.0,4.0
RYGER_RIVERS,WALDER,4.0,0.0,0.0,4.0
RYLENE,STANNIS,0.0,0.0,2.0,2.0
SALLADHOR,STANNIS,0.0,0.0,2.0,2.0
SANSA,SEPTA_MORDANE,64.0,0.0,0.0,64.0
SANSA,SHAE,0.0,60.0,45.0,105.0
SANSA,STANNIS,2.0,0.0,0.0,2.0
SANSA,TOMMEN,0.0,9.0,0.0,9.0
SANSA,TYRION,0.0,25.0,85.0,110.0
SANSA,TYWIN,0.0,3.0,11.0,14.0
SANSA,VARYS,8.0,0.0,7.0,15.0
SANSA,YOREN,4.0,0.0,0.0,4.0
SELYSE,SHIREEN,0.0,0.0,2.0,2.0
SELYSE,STANNIS,0.0,0.0,21.0,21.0
SEPTON,TALISA,0.0,2.0,0.0,2.0
SHAE,TOMMEN,0.0,3.0,0.0,3.0
SHAE,TYRION,73.0,95.0,75.0,243.0
SHAE,TYWIN,4.0,2.0,2.0,8.0
SHAE,VARYS,0.0,11.0,22.0,33.0
SHAGGA,TYRION,22.0,0.0,0.0,22.0
SHAGGA,TYWIN,6.0,0.0,0.0,6.0
SHIREEN,STANNIS,0.0,0.0,16.0,16.0
SILK_KING,SPICE_KING,0.0,2.0,0.0,2.0
SORCERER,TYRION,0.0,0.0,3.0,3.0
SORCERER,VARYS,0.0,0.0,4.0,4.0
SPICE_KING,XARO,0.0,20.0,0.0,20.0
STANNIS,TOMARD,2.0,0.0,0.0,2.0
STANNIS,TYRION,0.0,20.0,0.0,20.0
STANNIS,TYWIN,0.0,3.0,3.0,6.0
STANNIS,VARYS,0.0,4.0,0.0,4.0
STEELSHANKS_WALTON,TYWIN,0.0,0.0,2.0,2.0
STEVRON_FREY,WALDER,4.0,0.0,0.0,4.0
TALISA,TORRHEN,0.0,2.0,0.0,2.0
TALISA,WALDER,0.0,0.0,10.0,10.0
TARYN_MANT,TYRION,0.0,0.0,4.0,4.0
THEON,TORRHEN,0.0,2.0,0.0,2.0
THEON,TORTURER,0.0,0.0,19.0,19.0
THEON,TYRION,19.0,2.0,0.0,21.0
THEON,VARYS,0.0,3.0,0.0,3.0
THEON,VIOLET,0.0,0.0,12.0,12.0
THEON,WALDER,3.0,0.0,0.0,3.0
THEON,WILL,2.0,0.0,0.0,2.0
THEON,WINTERFELL_SHEPHERD,0.0,7.0,0.0,7.0
THEON,YARA,0.0,87.0,7.0,94.0
TIMETT,TYRION,0.0,3.0,0.0,3.0
TOMMEN,TYRION,0.0,3.0,0.0,3.0
TORMUND,YGRITTE,0.0,0.0,29.0,29.0
TRYSTANE,TYRION,0.0,2.0,0.0,2.0
TYRION,TYSHA,2.0,0.0,0.0,2.0
TYRION,TYWIN,61.0,11.0,115.0,187.0
TYRION,VARYS,2.0,103.0,24.0,129.0
TYRION,WALDER,0.0,0.0,2.0,2.0
TYRION,YOREN,22.0,0.0,0.0,22.0
TYWIN,VARYS,0.0,5.0,10.0,15.0
TYWIN,WALDER,0.0,0.0,2.0,2.0
VARDIS_EGEN,TYRION,9.0,0.0,0.0,9.0
VARYS,YOREN,3.0,0.0,0.0,3.0
WAYMAR_ROYCE,WILL,4.0,0.0,0.0,4.0
